[
  {
    "query": "Clean HTML5 logo for web development skills",
    "image_info": {
      "url": "https://static.vecteezy.com/system/resources/previews/001/416/705/non_2x/html5-emblem-orange-shield-and-white-text-vector.jpg",
      "img_format": "JPEG",
      "mode": "RGB",
      "file_size": 21637,
      "width": 980,
      "height": 980,
      "total_pixels": 960400,
      "basic_score": 0.9182931536365925,
      "file_name": "html-logo_7.jpg"
    },
    "llm_score": null
  },
  {
    "query": "Clean HTML5 logo for web development skills",
    "image_info": {
      "url": "https://toppng.com/uploads/preview/html5-logo-11609363747dunzzmadxo.png",
      "img_format": "PNG",
      "mode": "RGBA",
      "file_size": 137920,
      "width": 840,
      "height": 859,
      "total_pixels": 721560,
      "basic_score": 0.8969911861945384,
      "file_name": "html-logo_3.png"
    },
    "llm_score": null
  },
  {
    "query": "Clean HTML5 logo for web development skills",
    "image_info": {
      "url": "https://thumbs.dreamstime.com/b/html-logo-stands-out-vibrant-orange-ideal-web-development-concepts-vibrant-orange-white-html-logo-featured-405968251.jpg",
      "img_format": "JPEG",
      "mode": "RGB",
      "file_size": 27946,
      "width": 800,
      "height": 800,
      "total_pixels": 640000,
      "basic_score": 0.8810867487295654,
      "file_name": "html-logo_5.jpg"
    },
    "llm_score": null
  },
  {
    "query": "Modern React framework logo for skills section",
    "image_info": {
      "url": "https://upload.wikimedia.org/wikipedia/commons/thumb/a/a7/React-icon.svg/1150px-React-icon.svg.png",
      "img_format": "PNG",
      "mode": "RGBA",
      "file_size": 89932,
      "width": 1150,
      "height": 1024,
      "total_pixels": 1177600,
      "basic_score": 0.90873049025015,
      "file_name": "react-logo_0.png"
    },
    "llm_score": null
  },
  {
    "query": "Modern React framework logo for skills section",
    "image_info": {
      "url": "https://img.icons8.com/ios_filled/1200/react-native.jpg",
      "img_format": "JPEG",
      "mode": "RGB",
      "file_size": 67958,
      "width": 1200,
      "height": 1200,
      "total_pixels": 1440000,
      "basic_score": 0.8753872675148421,
      "file_name": "react-logo_1.jpg"
    },
    "llm_score": null
  },
  {
    "query": "Modern React framework logo for skills section",
    "image_info": {
      "url": "https://img.icons8.com/dotty/1200/react.jpg",
      "img_format": "JPEG",
      "mode": "RGB",
      "file_size": 66109,
      "width": 1200,
      "height": 1200,
      "total_pixels": 1440000,
      "basic_score": 0.8752097692237245,
      "file_name": "react-logo_2.jpg"
    },
    "llm_score": null
  },
  {
    "query": "A modern email envelope icon for portfolio contact buttons",
    "image_info": {
      "url": "https://as1.ftcdn.net/jpg/02/72/83/62/1000_F_272836246_cmncQFPMNn2RqpG8NZF3zG49taIBJdLl.jpg",
      "img_format": "JPEG",
      "mode": "RGB",
      "file_size": 100131,
      "width": 1000,
      "height": 1000,
      "total_pixels": 1000000,
      "basic_score": 0.9269992616427203,
      "file_name": "email-button_2.jpg"
    },
    "llm_score": null
  },
  {
    "query": "A modern email envelope icon for portfolio contact buttons",
    "image_info": {
      "url": "https://static.vecteezy.com/system/resources/previews/051/332/946/non_2x/minimalist-black-and-white-envelope-icon-representing-email-and-communication-in-a-simple-and-modern-design-png.png",
      "img_format": "PNG",
      "mode": "RGBA",
      "file_size": 261894,
      "width": 1470,
      "height": 980,
      "total_pixels": 1440600,
      "basic_score": 0.8940281302945676,
      "file_name": "email-button_6.png"
    },
    "llm_score": null
  },
  {
    "query": "A modern email envelope icon for portfolio contact buttons",
    "image_info": {
      "url": "https://static.vecteezy.com/system/resources/thumbnails/051/332/946/small_2x/minimalist-black-and-white-envelope-icon-representing-email-and-communication-in-a-simple-and-modern-design-png.png",
      "img_format": "PNG",
      "mode": "P",
      "file_size": 4471,
      "width": 1050,
      "height": 700,
      "total_pixels": 735000,
      "basic_score": 0.889098683433603,
      "file_name": "email-button_8.png"
    },
    "llm_score": null
  },
  {
    "query": "A modern phone icon for portfolio contact section",
    "image_info": {
      "url": "https://as2.ftcdn.net/jpg/03/61/06/45/1000_F_361064595_pLeuwxWPpwFfaVlVptlbMEtd3hDEE7Bu.jpg",
      "img_format": "JPEG",
      "mode": "RGB",
      "file_size": 126496,
      "width": 1000,
      "height": 1000,
      "total_pixels": 1000000,
      "basic_score": 0.9295553769900122,
      "file_name": "phone-button_4.jpg"
    },
    "llm_score": null
  },
  {
    "query": "A modern phone icon for portfolio contact section",
    "image_info": {
      "url": "https://as2.ftcdn.net/jpg/03/75/36/99/1000_F_375369965_Qz6e6a48UToT0OjNB0WwGuTWE8UTUpel.jpg",
      "img_format": "JPEG",
      "mode": "RGB",
      "file_size": 68467,
      "width": 1000,
      "height": 1000,
      "total_pixels": 1000000,
      "basic_score": 0.9238457737880635,
      "file_name": "phone-button_5.jpg"
    },
    "llm_score": null
  },
  {
    "query": "A modern phone icon for portfolio contact section",
    "image_info": {
      "url": "https://static.vecteezy.com/system/resources/previews/025/263/073/non_2x/modern-phone-icon-speech-bubble-minimalist-call-icon-flat-design-isolated-on-white-background-vector.jpg",
      "img_format": "JPEG",
      "mode": "RGB",
      "file_size": 24354,
      "width": 980,
      "height": 980,
      "total_pixels": 960400,
      "basic_score": 0.9185793752733155,
      "file_name": "phone-button_1.jpg"
    },
    "llm_score": null
  },
  {
    "query": "Clean GitHub logo for version control skills",
    "image_info": {
      "url": "https://brand.github.com/_next/static/media/logo-04.9a1517f0.png",
      "img_format": "PNG",
      "mode": "RGBA",
      "file_size": 16384,
      "width": 1600,
      "height": 832,
      "total_pixels": 1331200,
      "basic_score": 0.8837018114732759,
      "file_name": "github-logo_6.png"
    },
    "llm_score": null
  },
  {
    "query": "Clean GitHub logo for version control skills",
    "image_info": {
      "url": "https://img.icons8.com/ios7/1200/github--v2.jpg",
      "img_format": "JPEG",
      "mode": "RGB",
      "file_size": 65578,
      "width": 1200,
      "height": 1200,
      "total_pixels": 1440000,
      "basic_score": 0.8751587420994392,
      "file_name": "github-logo_8.jpg"
    },
    "llm_score": null
  },
  {
    "query": "Clean GitHub logo for version control skills",
    "image_info": {
      "url": "https://img.icons8.com/?size=1200&id=118553&format=jpg",
      "img_format": "JPEG",
      "mode": "RGB",
      "file_size": 58992,
      "width": 1200,
      "height": 1200,
      "total_pixels": 1440000,
      "basic_score": 0.8745239085722386,
      "file_name": "github-logo_2.jpg"
    },
    "llm_score": null
  },
  {
    "query": "Clean TypeScript programming language logo",
    "image_info": {
      "url": "https://cdn3d.iconscout.com/3d/free/preview/free-typescript-3d-icon-png-download-7577992.png?f=webp&h=700",
      "img_format": "WEBP",
      "mode": "RGB",
      "file_size": 12126,
      "width": 656,
      "height": 700,
      "total_pixels": 459200,
      "basic_score": 0.8434699387421432,
      "file_name": "typescript-logo_6.png"
    },
    "llm_score": null
  },
  {
    "query": "Clean TypeScript programming language logo",
    "image_info": {
      "url": "https://cdn-icons-png.flaticon.com/512/919/919832.png",
      "img_format": "PNG",
      "mode": "RGBA",
      "file_size": 18982,
      "width": 512,
      "height": 512,
      "total_pixels": 262144,
      "basic_score": 0.7612001758186431,
      "file_name": "typescript-logo_1.png"
    },
    "llm_score": null
  },
  {
    "query": "Clean TypeScript programming language logo",
    "image_info": {
      "url": "https://cdn-icons-png.flaticon.com/512/5968/5968326.png",
      "img_format": "PNG",
      "mode": "RGBA",
      "file_size": 15564,
      "width": 512,
      "height": 512,
      "total_pixels": 262144,
      "basic_score": 0.7606796607858692,
      "file_name": "typescript-logo_9.png"
    },
    "llm_score": null
  },
  {
    "query": "Modern Node.js runtime logo for backend skills",
    "image_info": {
      "url": "https://upload.wikimedia.org/wikipedia/commons/thumb/d/d9/Node.js_logo.svg/1280px-Node.js_logo.svg.png",
      "img_format": "PNG",
      "mode": "RGBA",
      "file_size": 57186,
      "width": 1280,
      "height": 784,
      "total_pixels": 1003520,
      "basic_score": 0.9151522247330559,
      "file_name": "nodejs-logo_0.png"
    },
    "llm_score": null
  },
  {
    "query": "Modern Node.js runtime logo for backend skills",
    "image_info": {
      "url": "https://colorlib.com/wp/wp-content/uploads/sites/2/node.js-logo.png",
      "img_format": "PNG",
      "mode": "P",
      "file_size": 18115,
      "width": 1024,
      "height": 758,
      "total_pixels": 776192,
      "basic_score": 0.8968759248096922,
      "file_name": "nodejs-logo_5.png"
    },
    "llm_score": null
  },
  {
    "query": "Modern Node.js runtime logo for backend skills",
    "image_info": {
      "url": "https://img.icons8.com/win10/1200/node-js.jpg",
      "img_format": "JPEG",
      "mode": "RGB",
      "file_size": 48208,
      "width": 1200,
      "height": 1200,
      "total_pixels": 1440000,
      "basic_score": 0.8734767657652215,
      "file_name": "nodejs-logo_9.jpg"
    },
    "llm_score": null
  },
  {
    "query": "Modern CSS3 stylesheet logo for web skills",
    "image_info": {
      "url": "https://www.citypng.com/public/uploads/preview/hd-css3-round-logo-icon-transparent-png-701751694771807mljmgxztmt.png",
      "img_format": "PNG",
      "mode": "RGBA",
      "file_size": 67827,
      "width": 800,
      "height": 800,
      "total_pixels": 640000,
      "basic_score": 0.8755553672016136,
      "file_name": "css-logo_8.png"
    },
    "llm_score": null
  },
  {
    "query": "Modern CSS3 stylesheet logo for web skills",
    "image_info": {
      "url": "https://img.icons8.com/stickers/1200/css3.jpg",
      "img_format": "JPEG",
      "mode": "RGB",
      "file_size": 48249,
      "width": 1200,
      "height": 1200,
      "total_pixels": 1440000,
      "basic_score": 0.8734807646885462,
      "file_name": "css-logo_6.jpg"
    },
    "llm_score": null
  },
  {
    "query": "Modern CSS3 stylesheet logo for web skills",
    "image_info": {
      "url": "https://cdn.dribbble.com/userupload/20020796/file/original-b78639451a047ff5d6085fe5d5b4073c.png?resize=752x&vertical=center",
      "img_format": "PNG",
      "mode": "RGB",
      "file_size": 533540,
      "width": 752,
      "height": 564,
      "total_pixels": 424128,
      "basic_score": 0.8648568703975716,
      "file_name": "css-logo_5.png"
    },
    "llm_score": null
  },
  {
    "query": "Modern JavaScript programming language logo",
    "image_info": {
      "url": "https://upload.wikimedia.org/wikipedia/commons/6/6a/JavaScript-logo.png",
      "img_format": "PNG",
      "mode": "P",
      "file_size": 10268,
      "width": 1052,
      "height": 1052,
      "total_pixels": 1106704,
      "basic_score": 0.9054141661748998,
      "file_name": "javascript-logo_0.png"
    },
    "llm_score": null
  },
  {
    "query": "Modern JavaScript programming language logo",
    "image_info": {
      "url": "https://thumbs.dreamstime.com/b/javascript-logo-javascript-logo-white-background-vector-format-available-136765881.jpg",
      "img_format": "JPEG",
      "mode": "RGB",
      "file_size": 18194,
      "width": 800,
      "height": 566,
      "total_pixels": 452800,
      "basic_score": 0.8322257203192837,
      "file_name": "javascript-logo_2.jpg"
    },
    "llm_score": null
  },
  {
    "query": "Modern JavaScript programming language logo",
    "image_info": {
      "url": "https://www.shutterstock.com/image-vector/set-html5-css3-javascript-icons-260nw-2195564459.jpg",
      "img_format": "JPEG",
      "mode": "RGB",
      "file_size": 28457,
      "width": 881,
      "height": 280,
      "total_pixels": 246680,
      "basic_score": 0.7145355202906366,
      "file_name": "javascript-logo_9.jpg"
    },
    "llm_score": null
  },
  {
    "query": "A clean, modern WhatsApp button icon for a professional portfolio",
    "image_info": {
      "url": "https://thumbs.dreamstime.com/b/glossy-black-button-iconic-whatsapp-logo-white-phone-symbol-set-against-dark-circle-outline-creating-sleek-modern-405965866.jpg",
      "img_format": "JPEG",
      "mode": "RGB",
      "file_size": 39523,
      "width": 800,
      "height": 789,
      "total_pixels": 631200,
      "basic_score": 0.8807402579495363,
      "file_name": "whatsapp-button_0.jpg"
    },
    "llm_score": null
  },
  {
    "query": "A clean, modern WhatsApp button icon for a professional portfolio",
    "image_info": {
      "url": "https://thumbs.dreamstime.com/b/ai-generated-illustration-presents-green-white-whatsapp-icon-designed-modern-flat-style-representing-digital-414495261.jpg",
      "img_format": "JPEG",
      "mode": "RGB",
      "file_size": 21764,
      "width": 800,
      "height": 800,
      "total_pixels": 640000,
      "basic_score": 0.8803821909253048,
      "file_name": "whatsapp-button_5.jpg"
    },
    "llm_score": null
  },
  {
    "query": "A clean, modern WhatsApp button icon for a professional portfolio",
    "image_info": {
      "url": "https://static.vecteezy.com/system/resources/previews/057/849/874/non_2x/whatsapp-logo-button-icon-free-vector.jpg",
      "img_format": "JPEG",
      "mode": "RGB",
      "file_size": 90699,
      "width": 1525,
      "height": 980,
      "total_pixels": 1494500,
      "basic_score": 0.8770071718762731,
      "file_name": "whatsapp-button_6.jpg"
    },
    "llm_score": null
  },
  {
    "query": "Clean Python programming language logo",
    "image_info": {
      "url": "https://upload.wikimedia.org/wikipedia/commons/thumb/c/c3/Python-logo-notext.svg/1024px-Python-logo-notext.svg.png",
      "img_format": "PNG",
      "mode": "RGBA",
      "file_size": 51128,
      "width": 1024,
      "height": 1024,
      "total_pixels": 1048576,
      "basic_score": 0.9117444365580907,
      "file_name": "python-logo_0.png"
    },
    "llm_score": null
  },
  {
    "query": "Clean Python programming language logo",
    "image_info": {
      "url": "https://spaces-cdn.clipsafari.com/zfdcbo72px0of6jlw2zxfpzys1l8",
      "img_format": "PNG",
      "mode": "RGBA",
      "file_size": 13628,
      "width": 1052,
      "height": 744,
      "total_pixels": 782688,
      "basic_score": 0.8957748564002094,
      "file_name": "python-logo_8.jpg"
    },
    "llm_score": null
  },
  {
    "query": "Clean Python programming language logo",
    "image_info": {
      "url": "https://www.citypng.com/public/uploads/preview/hd-python-logo-symbol-transparent-png-735811696257415dbkifcuokn.png",
      "img_format": "PNG",
      "mode": "RGBA",
      "file_size": 68860,
      "width": 800,
      "height": 800,
      "total_pixels": 640000,
      "basic_score": 0.8756692839151228,
      "file_name": "python-logo_5.png"
    },
    "llm_score": null
  },
  {
    "query": "Modern design UI/UX icon for design skills",
    "image_info": {
      "url": "https://designshack.net/wp-content/uploads/draw-icon.jpg",
      "img_format": "JPEG",
      "mode": "RGB",
      "file_size": 559432,
      "width": 1100,
      "height": 733,
      "total_pixels": 806300,
      "basic_score": 0.954289723799304,
      "file_name": "design-icon_2.jpg"
    },
    "llm_score": null
  },
  {
    "query": "Modern design UI/UX icon for design skills",
    "image_info": {
      "url": "https://www.shutterstock.com/shutterstock/photos/197483789/display_1500/stock-vector-set-of-flat-modern-design-icons-for-your-interface-and-web-pages-responsive-web-design-197483789.jpg",
      "img_format": "JPEG",
      "mode": "RGB",
      "file_size": 323501,
      "width": 1013,
      "height": 1600,
      "total_pixels": 1620800,
      "basic_score": 0.8186839246354864,
      "file_name": "design-icon_6.jpg"
    },
    "llm_score": null
  },
  {
    "query": "Modern design UI/UX icon for design skills",
    "image_info": {
      "url": "https://previews.123rf.com/images/decorwithme/decorwithme1702/decorwithme170200077/72174306-new-idea-or-concept-vector-modern-line-design-icon.jpg",
      "img_format": "JPEG",
      "mode": "L",
      "file_size": 129861,
      "width": 1300,
      "height": 1300,
      "total_pixels": 1690000,
      "basic_score": 0.8184087660473576,
      "file_name": "design-icon_5.jpg"
    },
    "llm_score": null
  },
  {
    "query": "Security shield cybersecurity icon",
    "image_info": {
      "url": "https://static.vecteezy.com/system/resources/previews/030/744/168/non_2x/shield-icon-security-icon-shield-with-lock-protection-icon-secure-access-vector.jpg",
      "img_format": "JPEG",
      "mode": "L",
      "file_size": 29106,
      "width": 980,
      "height": 980,
      "total_pixels": 960400,
      "basic_score": 0.9190786078866546,
      "file_name": "security-icon_4.jpg"
    },
    "llm_score": null
  },
  {
    "query": "Security shield cybersecurity icon",
    "image_info": {
      "url": "https://media.istockphoto.com/id/953520974/vector/tick-mark-approved-icon-shield-vector-on-white-background.jpg?s=612x612&w=0&k=20&c=lalLRIXMNvWP6JuqHjoz_h0q-iQXSgOgI5pztVZ6SN8=",
      "img_format": "JPEG",
      "mode": "RGB",
      "file_size": 20086,
      "width": 612,
      "height": 612,
      "total_pixels": 374544,
      "basic_score": 0.8101738484861468,
      "file_name": "security-icon_9.jpg"
    },
    "llm_score": null
  },
  {
    "query": "Security shield cybersecurity icon",
    "image_info": {
      "url": "https://cdn-icons-png.flaticon.com/512/508/508250.png",
      "img_format": "PNG",
      "mode": "RGBA",
      "file_size": 43995,
      "width": 512,
      "height": 512,
      "total_pixels": 262144,
      "basic_score": 0.764968704417829,
      "file_name": "security-icon_2.png"
    },
    "llm_score": null
  }
]